;Mots;Hierarchical Edge Bundling;;;;;;;;;;;;;;;;;;;;;;
1;#ParcoursImmmob;Boulot;13;18;21;22;55;56;30;23;30;;;;;;;;;;;;;
2;ASE;Boulot;20;22;23;24;12;4;13;55;30;36;;;;;;;;;;;;
3;Banques Populaires;Boulot;6;8;13;55;;;;;;;;;;;;;;;;;;
39;La Banque Postale;Boulot;;13;55;23;32;30;15;38;59;41;32;40;8;20;21;;;;;;;
99;Banque des Pros;Boulot;13;39;8;18;55;40;30;;;;;;;;;;;;;;;
4;BNPP;Boulot;2;13;55;23;32;30;;;;;;;;;;;;;;;;
5;BNPP BFI;Boulot;13;4;47;;;;;;;;;;;;;;;;;;;
6;Bossard Consultants;Boulot;13;55;4;8;9;10;50;;;;;;;;;;;;;;;
7;Branch Module Convergence;Boulot;13;55;4;8;23;30;;;;;;;;;;;;;;;;
8;Branch Network;Boulot;6;13;55;7;23;;;;;;;;;;;;;;;;;
9;CACF;Boulot;6;13;55;33;8;16;;;;;;;;;;;;;;;;
10;CACL;Boulot;6;13;55;33;8;16;;;;;;;;;;;;;;;;
11;Calibration Meetings;Boulot;6;13;46;50;30;;;;;;;;;;;;;;;;;
12;CAPG PMT2020;Boulot;;13;55;16;27;28;23;30;;;;;;;;;;;;;;
13;Capgemini Consulting;Boulot;6;13;55;23;30;;;;;;;;;;;;;;;;;
14;CIC - SNVB;Boulot;6;13;55;26;27;;;;;;;;;;;;;;;;;
15;Convergent;Boulot;;13;55;23;53;59;31;38;39;17;29;45;30;;;;;;;;;
16;Crédit Agricole;Boulot;6;13;55;23;9;10;12;30;;;;;;;;;;;;;;
17;Crédit Foncier;Boulot;;13;55;23;29;45;18;15;30;;;;;;;;;;;;;
18;Customer Experience;Boulot;6;13;55;23;17;1;30;;;;;;;;;;;;;;;
19;Data Privacy;Boulot;;13;55;23;39;4;56;30;;;;;;;;;;;;;;
20;Digi&Human;Boulot;;13;55;23;4;51;56;62;39;41;27;30;;;;;;;;;;
21;Change;Boulot;;13;55;17;16;12;4;36;37;34;30;;;;;;;;;;;
22;Digital Employee Experience;Boulot;;13;55;23;4;43;24;30;;;;;;;;;;;;;;
23;Digital transformation;Boulot;;13;55;22;1;4;56;39;30;;;;;;;;;;;;;
24;Digital Working;Boulot;;13;55;23;4;43;22;30;;;;;;;;;;;;;;
25;DIT;Boulot;;13;55;23;39;4;56;;;;;;;;;;;;;;;
26;Efficom;Boulot;6;13;55;3;14;30;;;;;;;;;;;;;;;;
27;Engagement;Boulot;6;13;55;23;3;2;20;37;30;;;;;;;;;;;;;
28;Enterprise Social Network;Boulot;;13;55;23;30;;;;;;;;;;;;;;;;;
29;Foncier Home;Boulot;;13;55;23;30;43;4;45;;;;;;;;;;;;;;
30;FS Market Unit;Boulot;6;13;55;23;;;;;;;;;;;;;;;;;;
31;FS SBU;Boulot;;13;55;23;30;39;15;25;;;;;;;;;;;;;;
32;GDPR;Boulot;;13;55;23;39;4;56;19;30;;;;;;;;;;;;;
33;Geomarketing;Boulot;6;13;55;16;9;10;;;;;;;;;;;;;;;;
34;Groupama;Boulot;6;13;55;23;21;;;;;;;;;;;;;;;;;
35;HEC Business School;Boulot/ Perso;6;13;77;64;65;66;90;;;;;;;;;;;;;;;
36;HSBC;Boulot;6;13;55;37;21;27;2;;;;;;;;;;;;;;;
37;HUB;Boulot;;13;55;21;27;2;47;;;;;;;;;;;;;;;
38;IFRS9;Boulot;;13;55;30;39;59;15;47;;;;;;;;;;;;;;
40;La Poste;Boulot;;13;55;23;30;39;31;;;;;;;;;;;;;;;
41;Labs;Boulot;;13;55;23;39;20;21;27;;;;;;;;;;;;;;
42;LCL;Boulot;6;13;55;30;;;;;;;;;;;;;;;;;;
43;Market Intelligence;Boulot;;13;55;23;30;21;28;4;22;24;;;;;;;;;;;;
44;Mass Retail Morroco;Boulot;;13;55;30;4;21;7;8;18;;;;;;;;;;;;;
45;Megastore;Boulot;;13;55;23;8;17;29;18;15;30;;;;;;;;;;;;
46;Mentor;Boulot;;13;30;11;6;50;;;;;;;;;;;;;;;;
47;Merger;Boulot;;13;55;36;37;;;;;;;;;;;;;;;;;
48;New ways of working;Boulot;;13;55;30;41;39;4;2;;;;;;;;;;;;;;
49;One team;Boulot;;13;55;30;39;40;53;59;31;;;;;;;;;;;;;
50;People Care;Boulot;6;13;55;30;11;20;54;;;;;;;;;;;;;;;
51;Pilotage du Réseau;Boulot;;13;55;30;20;4;23;21;;;;;;;;;;;;;;
52;Price Waterhouse;Boulot;6;13;64;65;74;;;;;;;;;;;;;;;;;
53;Prosodie;Boulot;;13;55;30;39;15;;;;;;;;;;;;;;;;
54;Recruitment;Boulot;6;13;30;50;;;;;;;;;;;;;;;;;;
55;Retail Banking;Boulot;6;13;55;30;4;39;56;42;9;10;12;14;16;41;43;44;45;17;18;36;37;21
56;SG;Boulot;6;13;55;1;57;62;32;30;21;;;;;;;;;;;;;
57;SGCIB;Boulot;6;13;56;58;21;18;;;;;;;;;;;;;;;;
58;Shared Goals;Boulot;6;13;57;56;21;26;;;;;;;;;;;;;;;;
59;Sogeti;Boulot;;13;55;30;39;38;15;;;;;;;;;;;;;;;
60;Talent Leader;Boulot;;13;55;30;50;54;11;;;;;;;;;;;;;;;
61;Training;Boulot;6;13;55;30;54;50;;;;;;;;;;;;;;;;
62;TransfoRH;Boulot;;13;55;30;21;20;23;;;;;;;;;;;;;;;
63;Vice President;Boulot;;13;55;30;55;20;56;4;39;40;50;;;;;;;;;;;
64;America del Sur;Boulot/ Perso;65;52;74;86;87;;;;;;;;;;;;;;;;;
65;Paraguay;Boulot/ Perso;20;13;74;73;64;72;86;87;39;68;83;;;;;;;;;;;
66;3 children;Perso;65;72;73;74;69;84;80;85;86;87;95;;;;;;;;;;;
67;Algérie;Perso;74;70;68;69;73;87;;;;;;;;;;;;;;;;
68;Andalucia;Perso;74;67;69;70;71;72;73;83;76;87;;;;;;;;;;;;
69;Astugue;Perso;74;67;68;70;73;72;87;;;;;;;;;;;;;;;
70;Blida;Perso;74;67;68;69;73;87;;;;;;;;;;;;;;;;
71;Corrida;Perso;68;72;73;73;75;76;77;95;;;;;;;;;;;;;;
72;Eating;Perso;74;66;68;69;73;75;77;86;87;95;;;;;;;;;;;;
73;Espana;Perso;74;66;68;69;70;71;72;75;76;77;83;87;95;;;;;;;;;
74;Family;Perso;66;67;68;69;70;71;72;73;76;83;84;85;86;87;95;;;;;;;
75;Feria;Perso;68;71;72;73;76;77;80;95;;;;;;;;;;;;;;
76;Flamenco;Perso;74;68;71;73;75;77;82;;;;;;;;;;;;;;;
77;Friends ;Perso;68;71;72;73;75;76;80;82;84;86;87;95;;;;;;;;;;
78;Haruki Murakami;Perso;72;88;;;;;;;;;;;;;;;;;;;;
79;Jean Giono;Perso;88;;;;;;;;;;;;;;;;;;;;;
80;Landes;Perso;66;71;72;75;76;77;86;95;;;;;;;;;;;;;;
81;Livre Inter;Perso;88;82;;;;;;;;;;;;;;;;;;;;
82;Mont de Marsan;Perso;68;71;76;77;80;;;;;;;;;;;;;;;;;
83;Montilla;Perso;74;68;69;72;77;87;95;;;;;;;;;;;;;;;
84;Montmartre;Perso;66;72;80;86;95;;;;;;;;;;;;;;;;;
85;Movies;Perso;66;73;;;;;;;;;;;;;;;;;;;;
86;Paris 18;Perso;74;66;72;77;80;84;87;95;;;;;;;;;;;;;;
87;Hautes-Pyrénées;Perso;74;66;67;68;69;70;71;72;73;75;77;87;95;;;;;;;;;
88;Reading;Perso;74;73;89;93;94;78;79;;;;;;;;;;;;;;;
89;Sorj Chalandon;Perso;88;91;;;;;;;;;;;;;;;;;;;;
90;Sud-Ouest;Perso;74;66;68;69;70;71;72;75;76;77;80;82;86;95;;;;;;;;
91;Theater;Perso;77;80;86;89;;;;;;;;;;;;;;;;;;
92;Trocmaison;Perso;74;66;68;72;;;;;;;;;;;;;;;;;;
93;Virgnia Woolf;Perso;88;94;;;;;;;;;;;;;;;;;;;;
94;Wiliam Faulkner;Perso;88;93;;;;;;;;;;;;;;;;;;;;
95;Wine;Perso;74;66;68;71;72;73;75;77;83;84;;;;;;;;;;;;
96;Violin;Perso;97;77;90;87;74;;;;;;;;;;;;;;;;;
97;Piano;Perso;96;77;90;87;74;;;;;;;;;;;;;;;;;
98;Hip-hop;Perso;91;86;74;66;;;;;;;;;;;;;;;;;;